<?xml version="1.0" encoding="UTF-8"?>
<metadata xml:lang="zh"><Esri><CreaDate>20171030</CreaDate><CreaTime>21432100</CreaTime><ArcGISFormat>1.0</ArcGISFormat><SyncOnce>TRUE</SyncOnce><DataProperties><itemProps><itemLocation><linkage Sync="TRUE">file://\\XTZ-01705091048\D\000_ArcGISdata\001_MainData\12_Liaoheliuyu\Lhly002\辽宁省辽河流域控制单元包含非示范区.mdb</linkage><protocol Sync="TRUE">Local Area Network</protocol></itemLocation></itemProps><copyHistory><copy source="F:\ArcGIS\10-07师母项目\课题\课题\从师母那边回来\arcgis矢量化\arcgis矢量化\水系\水系" dest="\\WUYINGJUN\F$\ArcGIS\10-07师母项目\课题\课题\从师母那边回来新\arcgis矢量化\水系\水系复制2" date="20161026" time="19213600"></copy></copyHistory></DataProperties></Esri></metadata>
