<?xml version="1.0" encoding="UTF-8"?>
<metadata xml:lang="zh"><Esri><CreaDate>20170504</CreaDate><CreaTime>21034900</CreaTime><ArcGISFormat>1.0</ArcGISFormat><SyncOnce>FALSE</SyncOnce><DataProperties><itemProps><itemName Sync="TRUE">wsclc</itemName><imsContentType Sync="TRUE">002</imsContentType><itemLocation><linkage Sync="TRUE">file://\\IUYA\A\000_ArcGISdata\new\wsclc.shp</linkage><protocol Sync="TRUE">Local Area Network</protocol></itemLocation><itemSize Sync="TRUE">0.000</itemSize></itemProps><coordRef><type Sync="TRUE">Geographic</type><geogcsn Sync="TRUE">GCS_WGS_1984</geogcsn><csUnits Sync="TRUE">Angular Unit: Degree (0.017453)</csUnits><peXml Sync="TRUE">&lt;GeographicCoordinateSystem xsi:type='typens:GeographicCoordinateSystem' xmlns:xsi='http://www.w3.org/2001/XMLSchema-instance' xmlns:xs='http://www.w3.org/2001/XMLSchema' xmlns:typens='http://www.esri.com/schemas/ArcGIS/10.1'&gt;&lt;WKT&gt;GEOGCS[&amp;quot;GCS_WGS_1984&amp;quot;,DATUM[&amp;quot;D_WGS_1984&amp;quot;,SPHEROID[&amp;quot;WGS_1984&amp;quot;,6378137.0,298.257223563]],PRIMEM[&amp;quot;Greenwich&amp;quot;,0.0],UNIT[&amp;quot;Degree&amp;quot;,0.0174532925199433],AUTHORITY[&amp;quot;EPSG&amp;quot;,4326]]&lt;/WKT&gt;&lt;XOrigin&gt;-400&lt;/XOrigin&gt;&lt;YOrigin&gt;-400&lt;/YOrigin&gt;&lt;XYScale&gt;11258999068426.238&lt;/XYScale&gt;&lt;ZOrigin&gt;-100000&lt;/ZOrigin&gt;&lt;ZScale&gt;10000&lt;/ZScale&gt;&lt;MOrigin&gt;-100000&lt;/MOrigin&gt;&lt;MScale&gt;10000&lt;/MScale&gt;&lt;XYTolerance&gt;8.983152841195215e-009&lt;/XYTolerance&gt;&lt;ZTolerance&gt;0.001&lt;/ZTolerance&gt;&lt;MTolerance&gt;0.001&lt;/MTolerance&gt;&lt;HighPrecision&gt;true&lt;/HighPrecision&gt;&lt;LeftLongitude&gt;-180&lt;/LeftLongitude&gt;&lt;WKID&gt;4326&lt;/WKID&gt;&lt;LatestWKID&gt;4326&lt;/LatestWKID&gt;&lt;/GeographicCoordinateSystem&gt;</peXml></coordRef><lineage><Process ToolSource="e:\arcgis\desktop10.2\ArcToolbox\Toolboxes\Data Management Tools.tbx\CopyFeatures" Date="20170422" Time="191917">CopyFeatures 污水处理厂1 A:\000_ArcGISdata\001_MainData\12_Liaoheliuyu\Lhly028\data.mdb\污水处理厂1 # 0 0 0</Process><Process ToolSource="e:\arcgis\desktop10.2\ArcToolbox\Toolboxes\Data Management Tools.tbx\Merge" Date="20170504" Time="192315">Merge 污水处理厂1;污水处理厂2;污水处理厂3;污水处理厂4;污水处理厂5;污水处理厂7;污水处理厂8;污水处理厂9 A:\000_ArcGISdata\001_MainData\12_Liaoheliuyu\Lhly028\污水处理厂.shp "X "X" true true false 8 Double 0 0 ,First,#,污水处理厂1,X,-1,-1,污水处理厂2,X,-1,-1,污水处理厂3,X,-1,-1,污水处理厂4,X,-1,-1,污水处理厂5,X,-1,-1,污水处理厂7,X,-1,-1,污水处理厂8,X,-1,-1,污水处理厂9,X,-1,-1;Y "Y" true true false 8 Double 0 0 ,First,#,污水处理厂1,Y,-1,-1,污水处理厂2,Y,-1,-1,污水处理厂3,Y,-1,-1,污水处理厂4,Y,-1,-1,污水处理厂5,Y,-1,-1,污水处理厂7,Y,-1,-1,污水处理厂8,Y,-1,-1,污水处理厂9,Y,-1,-1;name "name" true true false 254 Text 0 0 ,First,#,污水处理厂1,name,-1,-1,污水处理厂2,name,-1,-1,污水处理厂3,name,-1,-1,污水处理厂4,name,-1,-1,污水处理厂5,name,-1,-1,污水处理厂7,name,-1,-1,污水处理厂8,name,-1,-1,污水处理厂9,name,-1,-1;COD排放量 "COD排放量" true true false 8 Double 0 0 ,First,#,污水处理厂1,COD排放量,-1,-1,污水处理厂3,COD排放量,-1,-1,污水处理厂5,COD排放量,-1,-1,污水处理厂7,COD排放量,-1,-1,污水处理厂8,COD排放量,-1,-1;NH3N排放量 "NH3N排放量" true true false 8 Double 0 0 ,First,#,污水处理厂1,NH3N排放量,-1,-1,污水处理厂3,NH3N排放量,-1,-1,污水处理厂5,NH3N排放量,-1,-1,污水处理厂7,NH3N排放量,-1,-1,污水处理厂8,NH3N排放量,-1,-1;COD入河量 "COD入河量" true true false 8 Double 0 0 ,First,#,污水处理厂1,COD入河量,-1,-1,污水处理厂2,COD入河量,-1,-1,污水处理厂3,COD入河量,-1,-1,污水处理厂5,COD入河量,-1,-1,污水处理厂7,COD入河量,-1,-1,污水处理厂8,COD入河量,-1,-1,污水处理厂9,COD入河量,-1,-1;NH3N入河量 "NH3N入河量" true true false 8 Double 0 0 ,First,#,污水处理厂1,NH3N入河量,-1,-1,污水处理厂2,NH3N入河量,-1,-1,污水处理厂3,NH3N入河量,-1,-1,污水处理厂5,NH3N入河量,-1,-1,污水处理厂7,nh3n入河量,-1,-1,污水处理厂8,NH3N入河量,-1,-1,污水处理厂9,NH3N入河量,-1,-1;分类 "分类" true true false 2 Short 0 0 ,First,#,污水处理厂1,分类,-1,-1,污水处理厂2,分类,-1,-1,污水处理厂3,分类,-1,-1,污水处理厂4,分类,-1,-1,污水处理厂5,分类,-1,-1,污水处理厂7,分类,-1,-1,污水处理厂8,分类,-1,-1,污水处理厂9,分类,-1,-1;所属市 "所属市" true true false 20 Text 0 0 ,First,#,污水处理厂1,所属市,-1,-1,污水处理厂2,所属市,-1,-1,污水处理厂3,所属市,-1,-1,污水处理厂4,所属市,-1,-1,污水处理厂5,所属市,-1,-1,污水处理厂7,所属市,-1,-1,污水处理厂8,所属市,-1,-1,污水处理厂9,所属市,-1,-1;所属区 "所属区" true true false 20 Text 0 0 ,First,#,污水处理厂1,所属区,-1,-1,污水处理厂2,所属区,-1,-1,污水处理厂9,所属区,-1,-1;受纳水体 "受纳水体" true true false 254 Text 0 0 ,First,#,污水处理厂2,受纳水体,-1,-1,污水处理厂7,受纳水体,-1,-1,污水处理厂9,受纳水体,-1,-1"</Process><Process ToolSource="e:\arcgis\desktop10.2\ArcToolbox\Toolboxes\Analysis Tools.tbx\Intersect" Date="20170505" Time="111339">Intersect "污水处理厂 #;county_2004 #" A:\000_ArcGISdata\new\wsclc.shp ALL # INPUT</Process><Process ToolSource="e:\arcgis\desktop10.2\ArcToolbox\Toolboxes\Data Management Tools.tbx\CalculateField" Date="20170505" Time="111416">CalculateField wsclc 所属区 [NAME2004] VB #</Process></lineage><copyHistory><copy source="A:\000_ArcGISdata\001_MainData\12_Liaoheliuyu\Lhly028\污水处理厂" dest="\\IUYA\A\000_ArcGISdata\001_MainData\12_Liaoheliuyu\Lhly028\new\污水处理厂" date="20170504" time="21034900"></copy></copyHistory></DataProperties><SyncDate>20170505</SyncDate><SyncTime>11133900</SyncTime><ModDate>20170505</ModDate><ModTime>11133900</ModTime></Esri><dataIdInfo><envirDesc Sync="TRUE"> Version 6.2 (Build 9200) ; Esri ArcGIS 10.2.0.3348</envirDesc><dataLang><languageCode value="zho" Sync="TRUE"></languageCode><countryCode value="CHN" Sync="TRUE"></countryCode></dataLang><idCitation><resTitle Sync="TRUE">wsclc</resTitle><presForm><PresFormCd value="005" Sync="TRUE"></PresFormCd></presForm></idCitation><spatRpType><SpatRepTypCd value="001" Sync="TRUE"></SpatRepTypCd></spatRpType></dataIdInfo><mdLang><languageCode value="zho" Sync="TRUE"></languageCode><countryCode value="CHN" Sync="TRUE"></countryCode></mdLang><distInfo><distFormat><formatName Sync="TRUE">Shapefile</formatName></distFormat><distTranOps><transSize Sync="TRUE">0.000</transSize></distTranOps></distInfo><mdHrLv><ScopeCd value="005" Sync="TRUE"></ScopeCd></mdHrLv><mdHrLvName Sync="TRUE">dataset</mdHrLvName><refSysInfo><RefSystem><refSysID><identCode code="4326" Sync="TRUE"></identCode><idCodeSpace Sync="TRUE">EPSG</idCodeSpace><idVersion Sync="TRUE">8.1.1</idVersion></refSysID></RefSystem></refSysInfo><spatRepInfo><VectSpatRep><geometObjs Name="wsclc"><geoObjTyp><GeoObjTypCd value="004" Sync="TRUE"></GeoObjTypCd></geoObjTyp><geoObjCnt Sync="TRUE">0</geoObjCnt></geometObjs><topLvl><TopoLevCd value="001" Sync="TRUE"></TopoLevCd></topLvl></VectSpatRep></spatRepInfo><spdoinfo><ptvctinf><esriterm Name="wsclc"><efeatyp Sync="TRUE">Simple</efeatyp><efeageom code="1" Sync="TRUE"></efeageom><esritopo Sync="TRUE">FALSE</esritopo><efeacnt Sync="TRUE">0</efeacnt><spindex Sync="TRUE">FALSE</spindex><linrefer Sync="TRUE">FALSE</linrefer></esriterm></ptvctinf></spdoinfo><eainfo><detailed Name="wsclc"><enttyp><enttypl Sync="TRUE">wsclc</enttypl><enttypt Sync="TRUE">Feature Class</enttypt><enttypc Sync="TRUE">0</enttypc></enttyp><attr><attrlabl Sync="TRUE">FID</attrlabl><attalias Sync="TRUE">FID</attalias><attrtype Sync="TRUE">OID</attrtype><attwidth Sync="TRUE">4</attwidth><atprecis Sync="TRUE">0</atprecis><attscale Sync="TRUE">0</attscale><attrdef Sync="TRUE">Internal feature number.</attrdef><attrdefs Sync="TRUE">Esri</attrdefs><attrdomv><udom Sync="TRUE">Sequential unique whole numbers that are automatically generated.</udom></attrdomv></attr><attr><attrlabl Sync="TRUE">Shape</attrlabl><attalias Sync="TRUE">Shape</attalias><attrtype Sync="TRUE">Geometry</attrtype><attwidth Sync="TRUE">0</attwidth><atprecis Sync="TRUE">0</atprecis><attscale Sync="TRUE">0</attscale><attrdef Sync="TRUE">Feature geometry.</attrdef><attrdefs Sync="TRUE">Esri</attrdefs><attrdomv><udom Sync="TRUE">Coordinates defining the features.</udom></attrdomv></attr><attr><attrlabl Sync="TRUE">FID_污水处</attrlabl><attalias Sync="TRUE">FID_污水处</attalias><attrtype Sync="TRUE">Integer</attrtype><attwidth Sync="TRUE">9</attwidth><atprecis Sync="TRUE">9</atprecis><attscale Sync="TRUE">0</attscale></attr><attr><attrlabl Sync="TRUE">X</attrlabl><attalias Sync="TRUE">X</attalias><attrtype Sync="TRUE">Double</attrtype><attwidth Sync="TRUE">19</attwidth><atprecis Sync="TRUE">0</atprecis><attscale Sync="TRUE">0</attscale></attr><attr><attrlabl Sync="TRUE">Y</attrlabl><attalias Sync="TRUE">Y</attalias><attrtype Sync="TRUE">Double</attrtype><attwidth Sync="TRUE">19</attwidth><atprecis Sync="TRUE">0</atprecis><attscale Sync="TRUE">0</attscale></attr><attr><attrlabl Sync="TRUE">name</attrlabl><attalias Sync="TRUE">name</attalias><attrtype Sync="TRUE">String</attrtype><attwidth Sync="TRUE">254</attwidth><atprecis Sync="TRUE">0</atprecis><attscale Sync="TRUE">0</attscale></attr><attr><attrlabl Sync="TRUE">COD排放量</attrlabl><attalias Sync="TRUE">COD排放量</attalias><attrtype Sync="TRUE">Double</attrtype><attwidth Sync="TRUE">19</attwidth><atprecis Sync="TRUE">0</atprecis><attscale Sync="TRUE">0</attscale></attr><attr><attrlabl Sync="TRUE">NH3N排放量</attrlabl><attalias Sync="TRUE">NH3N排放量</attalias><attrtype Sync="TRUE">Double</attrtype><attwidth Sync="TRUE">19</attwidth><atprecis Sync="TRUE">0</atprecis><attscale Sync="TRUE">0</attscale></attr><attr><attrlabl Sync="TRUE">COD入河量</attrlabl><attalias Sync="TRUE">COD入河量</attalias><attrtype Sync="TRUE">Double</attrtype><attwidth Sync="TRUE">19</attwidth><atprecis Sync="TRUE">0</atprecis><attscale Sync="TRUE">0</attscale></attr><attr><attrlabl Sync="TRUE">NH3N入河量</attrlabl><attalias Sync="TRUE">NH3N入河量</attalias><attrtype Sync="TRUE">Double</attrtype><attwidth Sync="TRUE">19</attwidth><atprecis Sync="TRUE">0</atprecis><attscale Sync="TRUE">0</attscale></attr><attr><attrlabl Sync="TRUE">分类</attrlabl><attalias Sync="TRUE">分类</attalias><attrtype Sync="TRUE">SmallInteger</attrtype><attwidth Sync="TRUE">4</attwidth><atprecis Sync="TRUE">4</atprecis><attscale Sync="TRUE">0</attscale></attr><attr><attrlabl Sync="TRUE">所属市</attrlabl><attalias Sync="TRUE">所属市</attalias><attrtype Sync="TRUE">String</attrtype><attwidth Sync="TRUE">20</attwidth><atprecis Sync="TRUE">0</atprecis><attscale Sync="TRUE">0</attscale></attr><attr><attrlabl Sync="TRUE">所属区</attrlabl><attalias Sync="TRUE">所属区</attalias><attrtype Sync="TRUE">String</attrtype><attwidth Sync="TRUE">20</attwidth><atprecis Sync="TRUE">0</atprecis><attscale Sync="TRUE">0</attscale></attr><attr><attrlabl Sync="TRUE">受纳水体</attrlabl><attalias Sync="TRUE">受纳水体</attalias><attrtype Sync="TRUE">String</attrtype><attwidth Sync="TRUE">254</attwidth><atprecis Sync="TRUE">0</atprecis><attscale Sync="TRUE">0</attscale></attr><attr><attrlabl Sync="TRUE">FID_county</attrlabl><attalias Sync="TRUE">FID_county</attalias><attrtype Sync="TRUE">Integer</attrtype><attwidth Sync="TRUE">9</attwidth><atprecis Sync="TRUE">9</atprecis><attscale Sync="TRUE">0</attscale></attr><attr><attrlabl Sync="TRUE">NAME2004</attrlabl><attalias Sync="TRUE">NAME2004</attalias><attrtype Sync="TRUE">String</attrtype><attwidth Sync="TRUE">60</attwidth><atprecis Sync="TRUE">0</atprecis><attscale Sync="TRUE">0</attscale></attr></detailed></eainfo><mdDateSt Sync="TRUE">20170505</mdDateSt><mdChar><CharSetCd value="004" Sync="TRUE"></CharSetCd></mdChar></metadata>
