<?xml version="1.0" encoding="UTF-8"?>
<metadata xml:lang="zh"><Esri><CreaDate>20170504</CreaDate><CreaTime>21035400</CreaTime><ArcGISFormat>1.0</ArcGISFormat><SyncOnce>FALSE</SyncOnce><DataProperties><itemProps><itemName Sync="TRUE">zpdy</itemName><imsContentType Sync="TRUE">002</imsContentType><itemSize Sync="TRUE">0.000</itemSize><itemLocation><linkage Sync="TRUE">file://\\IUYA\A\000_ArcGISdata\new\zpdy.shp</linkage><protocol Sync="TRUE">Local Area Network</protocol></itemLocation></itemProps><coordRef><type Sync="TRUE">Geographic</type><geogcsn Sync="TRUE">GCS_WGS_1984</geogcsn><csUnits Sync="TRUE">Angular Unit: Degree (0.017453)</csUnits><peXml Sync="TRUE">&lt;GeographicCoordinateSystem xsi:type='typens:GeographicCoordinateSystem' xmlns:xsi='http://www.w3.org/2001/XMLSchema-instance' xmlns:xs='http://www.w3.org/2001/XMLSchema' xmlns:typens='http://www.esri.com/schemas/ArcGIS/10.1'&gt;&lt;WKT&gt;GEOGCS[&amp;quot;GCS_WGS_1984&amp;quot;,DATUM[&amp;quot;D_WGS_1984&amp;quot;,SPHEROID[&amp;quot;WGS_1984&amp;quot;,6378137.0,298.257223563]],PRIMEM[&amp;quot;Greenwich&amp;quot;,0.0],UNIT[&amp;quot;Degree&amp;quot;,0.0174532925199433],AUTHORITY[&amp;quot;EPSG&amp;quot;,4326]]&lt;/WKT&gt;&lt;XOrigin&gt;-400&lt;/XOrigin&gt;&lt;YOrigin&gt;-400&lt;/YOrigin&gt;&lt;XYScale&gt;11258999068426.238&lt;/XYScale&gt;&lt;ZOrigin&gt;-100000&lt;/ZOrigin&gt;&lt;ZScale&gt;10000&lt;/ZScale&gt;&lt;MOrigin&gt;-100000&lt;/MOrigin&gt;&lt;MScale&gt;10000&lt;/MScale&gt;&lt;XYTolerance&gt;8.983152841195215e-009&lt;/XYTolerance&gt;&lt;ZTolerance&gt;0.001&lt;/ZTolerance&gt;&lt;MTolerance&gt;0.001&lt;/MTolerance&gt;&lt;HighPrecision&gt;true&lt;/HighPrecision&gt;&lt;LeftLongitude&gt;-180&lt;/LeftLongitude&gt;&lt;WKID&gt;4326&lt;/WKID&gt;&lt;LatestWKID&gt;4326&lt;/LatestWKID&gt;&lt;/GeographicCoordinateSystem&gt;</peXml></coordRef><lineage><Process ToolSource="c:\program files (x86)\arcgis\desktop10.1\ArcToolbox\Toolboxes\Data Management Tools.tbx\Merge" Date="20161102" Time="122415">Merge 松树水文站;清辽;清河水库入口 C:\Users\lixiaolian\Desktop\课题arcgis\直排点源\清河直排点源\清河直排企业.shp "X "X" true true false 16 Double 6 15 ,First,#,松树水文站,X,-1,-1,清辽,X,-1,-1,清河水库入口,X,-1,-1;Y "Y" true true false 16 Double 6 15 ,First,#,松树水文站,Y,-1,-1,清辽,Y,-1,-1,清河水库入口,Y,-1,-1;name "name" true true false 254 Text 0 0 ,First,#,松树水文站,name,-1,-1,清辽,name,-1,-1,清河水库入口,name,-1,-1;COD排放量 "COD排放量" true true false 16 Double 6 15 ,First,#,松树水文站,COD排放量,-1,-1,清辽,COD排放量,-1,-1,清河水库入口,COD排放量,-1,-1;NH3N排放量 "NH3N排放量" true true false 16 Double 6 15 ,First,#,松树水文站,NH3N排放量,-1,-1,清辽,NH3N排放量,-1,-1,清河水库入口,NH3N排放量,-1,-1;COD入河量 "COD入河量" true true false 16 Double 6 15 ,First,#,松树水文站,COD入河量,-1,-1,清辽,COD入河量,-1,-1,清河水库入口,COD入河量,-1,-1;NH3N入河量 "NH3N入河量" true true false 16 Double 6 15 ,First,#,松树水文站,NH3N入河量,-1,-1,清辽,NH3N入河量,-1,-1,清河水库入口,NH3N入河量,-1,-1"</Process><Process ToolSource="e:\arcgis\desktop10.2\ArcToolbox\Toolboxes\Data Management Tools.tbx\CopyFeatures" Date="20170422" Time="191907">CopyFeatures 直排企业1 A:\000_ArcGISdata\001_MainData\12_Liaoheliuyu\Lhly028\data.mdb\直排企业1 # 0 0 0</Process><Process ToolSource="e:\arcgis\desktop10.2\ArcToolbox\Toolboxes\Data Management Tools.tbx\Merge" Date="20170504" Time="185755">Merge 直排企业1;直排企业2;直排企业3;直排企业4;直排企业5;直排企业6;直排企业7;直接企业8;直排企业9 A:\000_ArcGISdata\001_MainData\12_Liaoheliuyu\Lhly028\直排点源.shp "X "X" true true false 8 Double 0 0 ,First,#,直排企业1,X,-1,-1,直排企业2,X,-1,-1,直排企业3,X,-1,-1,直排企业4,X,-1,-1,直排企业5,X,-1,-1,直排企业6,x,-1,-1,直排企业7,X,-1,-1,直接企业8,X,-1,-1,直排企业9,x,-1,-1;Y "Y" true true false 8 Double 0 0 ,First,#,直排企业1,Y,-1,-1,直排企业2,Y,-1,-1,直排企业3,Y,-1,-1,直排企业4,Y,-1,-1,直排企业5,Y,-1,-1,直排企业6,y,-1,-1,直排企业7,Y,-1,-1,直接企业8,Y,-1,-1,直排企业9,y,-1,-1;name "name" true true false 254 Text 0 0 ,First,#,直排企业1,name,-1,-1,直排企业2,name,-1,-1,直排企业3,name,-1,-1,直排企业4,name,-1,-1,直排企业5,name,-1,-1,直排企业6,name,-1,-1,直排企业7,name,-1,-1,直接企业8,name,-1,-1,直排企业9,name,-1,-1;COD排放量 "COD排放量" true true false 8 Double 0 0 ,First,#,直排企业1,COD排放量,-1,-1,直排企业2,COD排放量,-1,-1,直排企业3,COD排放量,-1,-1,直排企业4,COD排放量,-1,-1,直排企业5,COD排放量,-1,-1,直排企业6,COD排放量,-1,-1;NH3N排放量 "NH3N排放量" true true false 8 Double 0 0 ,First,#,直排企业1,NH3N排放量,-1,-1,直排企业2,NH3N排放量,-1,-1,直排企业3,NH3N排放量,-1,-1,直排企业4,NH3N排放量,-1,-1,直排企业5,NH3N排放量,-1,-1,直排企业6,NH3N排放量,-1,-1;COD入河量 "COD入河量" true true false 8 Double 0 0 ,First,#,直排企业1,COD入河量,-1,-1,直排企业2,COD入河量,-1,-1,直排企业3,cod入河量,-1,-1,直排企业4,COD入河量,-1,-1,直排企业5,COD入河量,-1,-1,直排企业6,cod入河量,-1,-1,直排企业7,COD入河量,-1,-1,直接企业8,COD入河量,-1,-1;NH3N入河量 "NH3N入河量" true true false 8 Double 0 0 ,First,#,直排企业1,NH3N入河量,-1,-1,直排企业2,NH3N入河量,-1,-1,直排企业3,Nh3N入河量,-1,-1,直排企业4,NH3N入河量,-1,-1,直排企业5,NH3N入河量,-1,-1,直排企业6,NH3N入河量,-1,-1,直排企业7,NH3N入河量,-1,-1,直接企业8,NH3N入河量,-1,-1;所属市 "所属市" true true false 20 Text 0 0 ,First,#,直排企业1,所属市,-1,-1,直排企业2,所属市,-1,-1,直排企业3,所属市,-1,-1,直排企业4,所属市,-1,-1,直排企业5,所属市,-1,-1,直排企业6,所属市,-1,-1,直排企业7,所属市,-1,-1,直接企业8,所属市,-1,-1,直排企业9,所属市,-1,-1;所属区 "所属区" true true false 20 Text 0 0 ,First,#,直排企业1,所属区,-1,-1,直排企业2,所属区,-1,-1,直排企业3,所属区,-1,-1,直排企业4,所属区,-1,-1,直排企业5,所属区,-1,-1,直排企业6,所属区,-1,-1,直接企业8,所属区,-1,-1,直排企业9,所属区,-1,-1;NH3N分配量 "NH3N分配量" true true false 8 Double 0 0 ,First,#,直排企业4,NH3N分配量,-1,-1,直排企业5,NH3N分配量,-1,-1;受纳水体 "受纳水体" true true false 254 Text 0 0 ,First,#,直排企业4,受纳水体,-1,-1,直排企业7,受纳水体,-1,-1"</Process><Process ToolSource="e:\arcgis\desktop10.2\ArcToolbox\Toolboxes\Analysis Tools.tbx\Intersect" Date="20170505" Time="111521">Intersect "直排点源 #;county_2004 #" A:\000_ArcGISdata\new\zpdy.shp ALL # INPUT</Process><Process ToolSource="e:\arcgis\desktop10.2\ArcToolbox\Toolboxes\Data Management Tools.tbx\CalculateField" Date="20170505" Time="111546">CalculateField zpdy 所属区 [NAME2004] VB #</Process></lineage><copyHistory><copy source="A:\000_ArcGISdata\001_MainData\12_Liaoheliuyu\Lhly028\直排点源" dest="\\IUYA\A\000_ArcGISdata\001_MainData\12_Liaoheliuyu\Lhly028\new\直排点源" date="20170504" time="21035400"></copy></copyHistory></DataProperties><SyncDate>20170505</SyncDate><SyncTime>11152100</SyncTime><ModDate>20170505</ModDate><ModTime>11152100</ModTime></Esri><dataIdInfo><envirDesc Sync="TRUE"> Version 6.2 (Build 9200) ; Esri ArcGIS 10.2.0.3348</envirDesc><dataLang><languageCode value="zho" Sync="TRUE"></languageCode><countryCode value="CHN" Sync="TRUE"></countryCode></dataLang><idCitation><resTitle Sync="TRUE">zpdy</resTitle><presForm><PresFormCd value="005" Sync="TRUE"></PresFormCd></presForm></idCitation><spatRpType><SpatRepTypCd value="001" Sync="TRUE"></SpatRepTypCd></spatRpType></dataIdInfo><mdLang><languageCode value="zho" Sync="TRUE"></languageCode><countryCode value="CHN" Sync="TRUE"></countryCode></mdLang><mdChar><CharSetCd value="004" Sync="TRUE"></CharSetCd></mdChar><distInfo><distFormat><formatName Sync="TRUE">Shapefile</formatName></distFormat><distTranOps><transSize Sync="TRUE">0.000</transSize></distTranOps></distInfo><mdHrLv><ScopeCd value="005" Sync="TRUE"></ScopeCd></mdHrLv><mdHrLvName Sync="TRUE">dataset</mdHrLvName><refSysInfo><RefSystem><refSysID><identCode code="4326" Sync="TRUE"></identCode><idCodeSpace Sync="TRUE">EPSG</idCodeSpace><idVersion Sync="TRUE">8.1.1</idVersion></refSysID></RefSystem></refSysInfo><spatRepInfo><VectSpatRep><geometObjs Name="zpdy"><geoObjTyp><GeoObjTypCd value="004" Sync="TRUE"></GeoObjTypCd></geoObjTyp><geoObjCnt Sync="TRUE">0</geoObjCnt></geometObjs><topLvl><TopoLevCd value="001" Sync="TRUE"></TopoLevCd></topLvl></VectSpatRep></spatRepInfo><spdoinfo><ptvctinf><esriterm Name="zpdy"><efeatyp Sync="TRUE">Simple</efeatyp><efeageom code="1" Sync="TRUE"></efeageom><esritopo Sync="TRUE">FALSE</esritopo><efeacnt Sync="TRUE">0</efeacnt><spindex Sync="TRUE">FALSE</spindex><linrefer Sync="TRUE">FALSE</linrefer></esriterm></ptvctinf></spdoinfo><eainfo><detailed Name="zpdy"><enttyp><enttypl Sync="TRUE">zpdy</enttypl><enttypt Sync="TRUE">Feature Class</enttypt><enttypc Sync="TRUE">0</enttypc></enttyp><attr><attrlabl Sync="TRUE">FID</attrlabl><attalias Sync="TRUE">FID</attalias><attrtype Sync="TRUE">OID</attrtype><attwidth Sync="TRUE">4</attwidth><atprecis Sync="TRUE">0</atprecis><attscale Sync="TRUE">0</attscale><attrdef Sync="TRUE">Internal feature number.</attrdef><attrdefs Sync="TRUE">Esri</attrdefs><attrdomv><udom Sync="TRUE">Sequential unique whole numbers that are automatically generated.</udom></attrdomv></attr><attr><attrlabl Sync="TRUE">Shape</attrlabl><attalias Sync="TRUE">Shape</attalias><attrtype Sync="TRUE">Geometry</attrtype><attwidth Sync="TRUE">0</attwidth><atprecis Sync="TRUE">0</atprecis><attscale Sync="TRUE">0</attscale><attrdef Sync="TRUE">Feature geometry.</attrdef><attrdefs Sync="TRUE">Esri</attrdefs><attrdomv><udom Sync="TRUE">Coordinates defining the features.</udom></attrdomv></attr><attr><attrlabl Sync="TRUE">FID_直排点</attrlabl><attalias Sync="TRUE">FID_直排点</attalias><attrtype Sync="TRUE">Integer</attrtype><attwidth Sync="TRUE">9</attwidth><atprecis Sync="TRUE">9</atprecis><attscale Sync="TRUE">0</attscale></attr><attr><attrlabl Sync="TRUE">X</attrlabl><attalias Sync="TRUE">X</attalias><attrtype Sync="TRUE">Double</attrtype><attwidth Sync="TRUE">19</attwidth><atprecis Sync="TRUE">0</atprecis><attscale Sync="TRUE">0</attscale></attr><attr><attrlabl Sync="TRUE">Y</attrlabl><attalias Sync="TRUE">Y</attalias><attrtype Sync="TRUE">Double</attrtype><attwidth Sync="TRUE">19</attwidth><atprecis Sync="TRUE">0</atprecis><attscale Sync="TRUE">0</attscale></attr><attr><attrlabl Sync="TRUE">name</attrlabl><attalias Sync="TRUE">name</attalias><attrtype Sync="TRUE">String</attrtype><attwidth Sync="TRUE">254</attwidth><atprecis Sync="TRUE">0</atprecis><attscale Sync="TRUE">0</attscale></attr><attr><attrlabl Sync="TRUE">COD排放量</attrlabl><attalias Sync="TRUE">COD排放量</attalias><attrtype Sync="TRUE">Double</attrtype><attwidth Sync="TRUE">19</attwidth><atprecis Sync="TRUE">0</atprecis><attscale Sync="TRUE">0</attscale></attr><attr><attrlabl Sync="TRUE">NH3N排放量</attrlabl><attalias Sync="TRUE">NH3N排放量</attalias><attrtype Sync="TRUE">Double</attrtype><attwidth Sync="TRUE">19</attwidth><atprecis Sync="TRUE">0</atprecis><attscale Sync="TRUE">0</attscale></attr><attr><attrlabl Sync="TRUE">COD入河量</attrlabl><attalias Sync="TRUE">COD入河量</attalias><attrtype Sync="TRUE">Double</attrtype><attwidth Sync="TRUE">19</attwidth><atprecis Sync="TRUE">0</atprecis><attscale Sync="TRUE">0</attscale></attr><attr><attrlabl Sync="TRUE">NH3N入河量</attrlabl><attalias Sync="TRUE">NH3N入河量</attalias><attrtype Sync="TRUE">Double</attrtype><attwidth Sync="TRUE">19</attwidth><atprecis Sync="TRUE">0</atprecis><attscale Sync="TRUE">0</attscale></attr><attr><attrlabl Sync="TRUE">所属市</attrlabl><attalias Sync="TRUE">所属市</attalias><attrtype Sync="TRUE">String</attrtype><attwidth Sync="TRUE">20</attwidth><atprecis Sync="TRUE">0</atprecis><attscale Sync="TRUE">0</attscale></attr><attr><attrlabl Sync="TRUE">所属区</attrlabl><attalias Sync="TRUE">所属区</attalias><attrtype Sync="TRUE">String</attrtype><attwidth Sync="TRUE">20</attwidth><atprecis Sync="TRUE">0</atprecis><attscale Sync="TRUE">0</attscale></attr><attr><attrlabl Sync="TRUE">受纳水体</attrlabl><attalias Sync="TRUE">受纳水体</attalias><attrtype Sync="TRUE">String</attrtype><attwidth Sync="TRUE">254</attwidth><atprecis Sync="TRUE">0</atprecis><attscale Sync="TRUE">0</attscale></attr><attr><attrlabl Sync="TRUE">FID_county</attrlabl><attalias Sync="TRUE">FID_county</attalias><attrtype Sync="TRUE">Integer</attrtype><attwidth Sync="TRUE">9</attwidth><atprecis Sync="TRUE">9</atprecis><attscale Sync="TRUE">0</attscale></attr><attr><attrlabl Sync="TRUE">NAME2004</attrlabl><attalias Sync="TRUE">NAME2004</attalias><attrtype Sync="TRUE">String</attrtype><attwidth Sync="TRUE">60</attwidth><atprecis Sync="TRUE">0</atprecis><attscale Sync="TRUE">0</attscale></attr></detailed></eainfo><mdDateSt Sync="TRUE">20170505</mdDateSt></metadata>
